Episode,Return,Waiting,Queue,Speed,Time,InferenceTime,Seed
1,-0.7831250000000021,795.0,76,7.5164865891871715,09-26 09:47:56,150.3141257762909,42
1,-0.8331250000000004,974.0,93,6.872991910145901,09-26 09:50:26,149.92619395256042,43
1,-0.7362500000000008,820.0,72,7.39451472426402,09-26 09:52:57,151.4652121067047,44
1,-0.9599999999999993,827.0,84,6.581418706279244,09-26 09:55:33,155.64417791366577,45
1,-0.7293750000000012,908.0,88,7.326355393208209,09-26 09:58:06,152.71954703330994,46
