Episode,Return,Waiting,Queue,Speed,Time,InferenceTime,Seed
1,-1.0050000000000008,1198.0,99,6.6855095548457495,10-01 14:18:06,155.76889324188232,42
1,-1.136875000000001,1478.0,102,6.6787952665745065,10-01 14:20:42,155.87766814231873,43
1,-0.8987500000000026,1058.0,92,7.066267633239716,10-01 14:23:18,156.04360580444336,44
1,-1.0262500000000003,1189.0,95,7.061931927536885,10-01 14:25:55,157.53015613555908,45
1,-1.004999999999999,1307.0,101,6.6577896970017045,10-01 14:28:30,154.52385783195496,46
