Episode,Return,Waiting,Queue,Speed,Time,InferenceTime,Seed
1,-1.3412499999999996,1089.0,115,6.051651874380385,09-29 18:07:10,208.6540048122406,42
1,-1.4856249999999982,1478.0,125,6.180287396900533,09-29 18:10:33,202.9593861103058,43
1,-14.374375000000002,3670.0,218,4.607717874109266,09-29 18:14:04,210.80553197860718,44
1,-1.7062499999999978,1407.0,143,5.132548347296471,09-29 18:17:29,205.23308491706848,45
1,-1.3843750000000004,1255.0,119,6.187652147103037,09-29 18:20:56,206.78275680541992,46
