Episode,Return,Waiting,Queue,Speed,Time,InferenceTime,Seed
1,-1.0800000000000016,1200.0,94,6.94243518022345,09-29 17:49:18,188.51824402809143,42
1,-1.6068749999999992,1209.0,105,6.207224095329628,09-29 17:52:30,192.00888872146606,43
1,-1.070624999999997,1064.0,98,6.7983511734740105,09-29 17:55:38,188.1986050605774,44
1,-1.3012500000000045,1096.0,99,6.724779153678694,09-29 17:58:54,195.91381001472473,45
1,-1.6668750000000006,1912.0,113,6.138338347224615,09-29 18:02:04,189.49830198287964,46
