Episode,Return,Waiting,Queue,Speed,Time,InferenceTime,Seed
1,-0.5631249999999997,621.0,70,5.845177399538962,10-15 10:54:28,146.79868006706238,42
1,-0.3856249999999995,521.0,51,7.176600537507594,10-15 10:56:50,141.94388699531555,43
1,-0.7237500000000011,991.0,72,6.180138830503008,10-15 10:59:15,144.5047197341919,44
1,-0.5243749999999994,585.0,56,6.67078926307454,10-15 11:01:37,141.8906478881836,45
1,-0.7581249999999992,894.0,74,6.3944625647366395,10-15 11:04:09,151.9432098865509,46
