Episode,Return,Waiting,Queue,Speed,Time,InferenceTime,Seed
1,-0.7806249999999989,798.0,80,7.1977992151698365,09-24 16:16:20,128.47769927978516,42
1,-0.8237499999999993,928.0,97,6.830959803858387,09-24 16:18:29,129.3030390739441,43
1,-0.8656249999999999,937.0,87,7.055807791862623,09-24 16:20:38,128.87896084785461,44
1,-0.7368750000000006,815.0,87,7.079420760159967,09-24 16:22:48,129.29505729675293,45
1,-0.8175000000000012,837.0,99,6.928225476460865,09-24 16:24:58,130.59105157852173,46
