Episode,Return,Waiting,Queue,Speed,Time,InferenceTime,Seed
1,-1.0925000000000011,1174.0,108,6.831887102300546,09-29 15:24:58,178.51854062080383,42
1,-1.5400000000000005,1623.0,139,5.668212094569185,09-29 15:27:59,181.05909609794617,43
1,-1.3362499999999966,1724.0,112,6.635183554793172,09-29 15:30:53,173.24790000915527,44
1,-1.3043749999999978,1531.0,133,6.372682627603065,09-29 15:33:42,169.07081270217896,45
1,-1.3037500000000015,1452.0,123,6.500756007104425,09-29 15:36:30,167.83081603050232,46
