Episode,Return,Waiting,Queue,Speed,Time,InferenceTime,Seed
1,-0.8687499999999994,786.0,109,6.490268813493683,10-13 13:28:39,179.30643463134766,42
1,-0.8050000000000002,945.0,102,7.157105638045953,10-13 13:31:31,172.1308958530426,43
1,-0.933125000000001,1087.0,101,7.161661290624155,10-13 13:34:23,172.15624284744263,44
1,-0.9193749999999978,1057.0,94,7.0633038855597645,10-13 13:37:17,174.12250924110413,45
1,-1.1418750000000009,1252.0,109,6.655421660193435,10-13 13:40:11,174.05418610572815,46
