Episode,Return,Waiting,Queue,Speed,Time,InferenceTime,Seed
1,-0.7218749999999993,790.0,82,7.0771580421356015,09-24 16:33:31,152.93835496902466,42
1,-0.7656250000000028,849.0,81,7.588025596860819,09-24 16:36:03,152.57445073127747,43
1,-0.7806249999999972,689.0,82,7.276027656048166,09-24 16:38:36,152.84107613563538,44
1,-0.9556250000000005,1003.0,86,6.879644836033611,09-24 16:41:09,152.2189691066742,45
1,-0.6787500000000003,654.0,86,7.580946824698057,09-24 16:43:41,152.528137922287,46
