Episode,Return,Waiting,Queue,Speed,Time,InferenceTime,Seed
1,-0.8968750000000009,986.0,88,7.1212162845567715,09-24 16:50:26,152.87179398536682,42
1,-1.03,1116.0,91,6.8009172216491205,09-24 16:53:01,154.6817238330841,43
1,-0.8150000000000006,760.0,87,6.634623451036812,09-24 16:55:36,154.92232394218445,44
1,-0.6225000000000016,670.0,82,7.363813324854046,09-24 16:58:09,153.46845293045044,45
1,-0.7987499999999979,999.0,100,6.696985768227018,09-24 17:00:44,154.48428392410278,46
