Episode,Return,Waiting,Queue,Speed,Time,InferenceTime,Seed
1,-1.0475000000000003,1224.0,85,6.77166908175233,09-29 18:26:52,193.10104894638062,42
1,-1.7768749999999973,1346.0,112,6.019766442333466,09-29 18:30:04,192.03702688217163,43
1,-1.5318750000000017,1543.0,120,6.178283830542203,09-29 18:33:13,189.1944899559021,44
1,-1.8681249999999996,1647.0,127,5.927964385044088,09-29 18:36:22,188.63027000427246,45
1,-7.301875,7826.0,156,5.267513561678079,09-29 18:39:32,189.97135496139526,46
