Episode,Return,Waiting,Queue,Speed,Time,InferenceTime,Seed
1,-0.7425000000000008,752.0,86,6.907069522506565,09-24 17:11:17,133.15197491645813,42
1,-0.8562499999999988,1035.0,96,6.77564004882671,09-24 17:13:28,130.97275185585022,43
1,-0.8443750000000014,1096.0,105,6.989589529196564,09-24 17:15:40,132.7185001373291,44
1,-0.7018749999999999,763.0,85,6.981424620114633,09-24 17:17:54,133.49863624572754,45
1,-0.7906249999999994,824.0,82,7.3211645304490185,09-24 17:20:07,132.61756873130798,46
