Episode,Return,Waiting,Queue,Speed,Time,InferenceTime,Seed
1,-0.626874999999999,622.0,64,6.373120783795888,10-15 11:09:15,144.0668330192566,42
1,-0.3362499999999999,370.0,43,7.373825905178867,10-15 11:11:38,142.09896898269653,43
1,-0.5237500000000009,651.0,64,6.726776646682996,10-15 11:14:00,141.91755080223083,44
1,-0.5706249999999987,754.0,64,6.067630595686395,10-15 11:16:23,143.75494194030762,45
1,-0.780625000000001,883.0,77,6.163690622942968,10-15 11:18:44,140.59120082855225,46
