Episode,Return,Waiting,Queue,Speed,Time,InferenceTime,Seed
1,-0.8249999999999996,829.0,87,7.162442404820012,09-24 17:25:33,153.12288689613342,42
1,-0.6887499999999973,698.0,76,7.43557341622051,09-24 17:28:05,151.9472177028656,43
1,-0.7162499999999995,726.0,71,7.367321153402505,09-24 17:30:35,150.2995228767395,44
1,-0.772499999999999,888.0,81,7.170807852195829,09-24 17:33:07,151.9500448703766,45
1,-0.7643750000000028,787.0,98,6.701732737296247,09-24 17:35:41,153.8785638809204,46
