Episode,Return,Waiting,Queue,Speed,Time,InferenceTime,Seed
1,-0.7093750000000002,904.0,98,6.736609320745344,09-29 14:40:14,143.96149802207947,42
1,-0.7162499999999998,803.0,90,7.219284565490567,09-29 14:42:38,144.28003668785095,43
1,-0.8856250000000004,950.0,95,6.8075174774769796,09-29 14:44:57,138.1920211315155,44
1,-0.8606250000000012,1040.0,93,6.799807181861466,09-29 14:47:16,139.82644200325012,45
1,-0.6606249999999998,807.0,85,7.1771134278122135,09-29 14:49:36,139.18967604637146,46
