Episode,Return,Waiting,Queue,Speed,Time,InferenceTime,Seed
1,-0.6406250000000011,753.0,72,7.699704810663546,09-24 17:39:13,149.15866899490356,42
1,-0.851874999999998,1070.0,97,7.045966988216935,09-24 17:41:46,153.18056988716125,43
1,-0.7943750000000012,1047.0,98,6.800743714882878,09-24 17:44:14,147.4846227169037,44
1,-0.6237499999999977,669.0,72,7.50228728949668,09-24 17:46:45,150.92353105545044,45
1,-0.64375,618.0,69,7.281107921301186,09-24 17:49:13,147.9770369529724,46
