Episode,Return,Waiting,Queue,Speed,Time,InferenceTime,Seed
1,-1.4656249999999966,1641.0,135,6.199335610701131,09-29 15:01:39,180.01484632492065,42
1,-1.2737499999999995,1263.0,133,6.576305414374425,09-29 15:04:37,177.46180725097656,43
1,-1.378750000000002,1280.0,117,6.183120024409913,09-29 15:07:33,176.0910620689392,44
1,-1.5943749999999999,1801.0,171,5.873100043066711,09-29 15:10:30,176.44964218139648,45
1,-1.436250000000001,1682.0,148,6.359511907376281,09-29 15:13:23,173.4344539642334,46
