Episode,Return,Waiting,Queue,Speed,Time,InferenceTime,Seed
1,-1.7125000000000001,1636.0,144,5.697823768778439,09-30 15:45:06,207.75342392921448,42
1,-1.348125000000001,1232.0,111,6.122970342884864,09-30 15:48:34,207.28960609436035,43
1,-1.3956250000000017,973.0,86,6.449492776138818,09-30 15:51:59,205.19186425209045,44
1,-7.586875,9855.0,188,4.9801170684365,09-30 15:55:26,207.14561414718628,45
1,-1.216250000000001,1168.0,123,6.39820963011735,09-30 15:58:44,198.3702688217163,46
